1;Зыкова;Наталья;Милановна;1982-12-21;2015-06-26;KH
2;Кудряшова;Нонна;Дементиевна;1944-12-09;2017-01-02;KW
3;Голубева;Ирина;Вышеславовна;1972-10-18;1979-09-02;AR
4;Денисова;Евпраксия;Алексеевна;1997-07-23;;KI
5;Антонова;Агата;Христофоровна;1957-03-14;;CU
6;Жуков;Исай;Тарасович;2007-01-16;;SG
7;Павлова;Анжела;Сергеевна;1989-09-01;2014-01-18;NZ
8;Александрова;Виктория;Аверьяновна;1920-01-06;1926-05-02;MU
9;Дементьев;Ярослав;Сигизмундович;1981-02-02;2014-04-28;MA
10;Капустина;Таисия;Станимировна;1947-09-02;;GE
11;Щербакова;Жанна;Демьяновна;1919-03-02;;VU
12;Колесникова;Надежда;Филаретовна;1931-02-16;;MY
13;Никифорова;Евфросиния;Антониновна;1935-07-21;;SA
14;Мамонтова;Лора;Ювеналиевна;2000-06-28;2009-08-10;CR
15;Вишнякова;Екатерина;Владимировна;1905-04-09;;TJ
16;Доронин;Егор;Каллистратович;1921-08-03;1993-01-28;VA
17;Силина;Александра;Варлаамовна;1935-03-14;2013-02-18;MY
18;Федорова;Раиса;Еремеевна;1942-03-11;1947-05-02;MC
19;Макарова;Раиса;Ипатовна;1935-04-04;1939-04-18;UG
20;Никитина;Октябрина;Аникеевна;1946-03-28;2000-09-24;ZW
21;Васильев;Денис;Ратиборович;1934-11-24;1989-03-20;AD
22;Беспалова;Вера;Куприяновна;1967-03-16;;TM
23;Степанов;Лонгин;Сильвестрович;1901-06-29;1920-05-22;US
24;Корнилов;Кондратий;Лонгинович;1940-05-09;;CH
25;Селезнева;Валентина;Арсениевна;1965-08-16;2009-01-20;CM
26;Корнилова;Алевтина;Виталиевна;1976-11-01;2005-07-02;JP
27;Сорокин;Твердислав;Кириллович;1977-03-02;;OM
28;Гордеев;Варфоломей;Ананиевич;1924-05-31;;CN
29;Емельянова;Маргарита;Денисовна;2004-12-19;;LV
30;Богданова;Алла;Измаиловна;2013-01-03;;BB
31;Никифорова;Елизавета;Прохоровна;1902-11-09;1996-07-25;MR
32;Захарова;Юлия;Ярославовна;1960-08-27;1995-04-21;CZ
33;Евсеева;Ирина;Изотовна;1933-03-24;2000-10-30;SM
34;Якушев;Казимир;Агафонович;1982-03-19;;BA
35;Зимина;Галина;Прокофиевна;2014-09-03;2022-12-05;HN
36;Захарова;Милица;Афанасиевна;1937-02-05;1947-12-04;FI
37;Афанасьев;Светозар;Ярополкович;1955-03-13;1975-05-27;ME
38;Власов;Максим;Родионович;1946-03-06;1952-06-04;AR
39;Лебедев;Евстафий;Мокеевич;1903-04-22;;YE
40;Голубева;Варвара;Болеславовна;2013-07-13;;SE
41;Исаев;Сильвестр;Виталиевич;1938-09-05;;NA
42;Большакова;Акулина;Митофановна;1933-01-01;1997-01-12;LR
43;Мясников;Платон;Демидович;1947-07-09;;IS
44;Блинова;Лора;Гордеевна;1978-01-08;1983-09-12;MT
45;Кошелев;Эрнест;Болеславович;1934-09-15;;LY
46;Андреев;Артем;Ипполитович;1905-08-08;1999-11-16;ST
47;Мясникова;Анна;Семеновна;1917-08-27;;NG
48;Рогов;Степан;Евсеевич;2011-02-17;;ET
49;Ковалев;Семен;Лаврович;1906-06-18;;VE
50;Юдин;Назар;Давыдович;2007-11-23;2016-06-28;LV
51;Романов;Самсон;Тарасович;2021-07-19;2024-06-10;DM
52;Горбунова;Лора;Флорентиновна;1900-01-18;1971-07-08;LY
53;Одинцов;Мстислав;Данилаович;1903-01-17;1915-12-25;SY
54;Гордеев;Моисей;Максимович;1970-05-25;;VU
55;Лапин;Нестор;Куприянович;1979-12-11;1985-12-20;DJ
56;Михеева;Марина;Валериевна;1918-04-05;1947-12-28;BB
57;Белов;Наркис;Капитонович;1941-12-29;;VA
58;Тимофеев;Святополк;Пименович;1903-07-22;1931-05-26;SO
59;Кулагин;Георгий;Аникитаович;2013-04-17;2016-02-19;GY
60;Лебедева;Анастасия;Станимировна;1992-04-23;;KH
61;Романов;Доброслав;Максимильянович;2000-09-04;2011-07-25;GY
62;Алексеева;Нинель;Егоровна;1996-02-13;2007-03-11;HN
63;Гаврилов;Вениамин;Арсениевич;1971-05-14;;EE
64;Наумова;Акулина;Кимовна;1982-01-31;2024-05-08;GB
65;Кулагина;Алина;Семеновна;1975-01-25;;BJ
66;Моисеев;Якуб;Аполлинариевич;1940-06-06;;MR
67;Абрамов;Ермил;Софонович;1917-12-24;1970-11-05;KN
68;Вишняков;Остромир;Аркадиевич;1914-03-27;;MH
69;Яковлева;Анна;Севастьяновна;1905-04-18;1932-06-07;CN
70;Ильина;Майя;Радиславовна;1959-10-10;;NP
71;Горбачева;Евдокия;Кировна;1969-03-10;1978-11-04;ES
72;Ефремов;Силантий;Власович;1916-08-21;1926-12-07;MC
73;Емельянов;Наум;Каллистратович;1915-12-23;;JP
74;Шарапов;Доброслав;Осипович;1979-10-14;1992-11-23;SE
75;Белоусова;Фаина;Авксентиевна;2005-05-09;2019-02-10;AM
76;Миронов;Изот;Эрастович;1979-09-10;2013-04-15;MN
77;Селиверстова;Ираида;Кировна;1956-02-07;;ME
78;Воробьева;Евфросиния;Ювеналиевна;1944-04-27;1974-12-13;KG
79;Вишнякова;Зинаида;Михаиловна;2007-08-19;2013-05-23;SR
80;Исаков;Селиверст;Назарович;1922-12-13;1938-03-22;EC
81;Федорова;Нинель;Автономовна;1925-04-18;;AO
82;Громов;Парамон;Гаврилаович;1987-05-17;1992-06-30;EG
83;Андреев;Богдан;Парфенович;1930-05-06;;FI
84;Галкина;Фаина;Творимировна;1949-02-03;;LU
85;Рожкова;Прасковья;Ерофеевна;1984-07-10;;GN
86;Ширяев;Самуил;Юлиевич;1993-07-29;;JO
87;Субботин;Никандр;Викентиевич;1960-03-31;2005-10-21;PS
88;Моисеев;Парамон;Леонидович;1990-09-01;1993-01-31;ID
89;Виноградов;Авксентий;Эрнестович;1951-08-27;;NL
90;Крылова;Ия;Мартьяновна;1969-12-11;2016-08-31;SN
91;Лазарева;Валентина;Прохоровна;1984-06-11;2016-02-01;BI
92;Силина;Элеонора;Парамоновна;1984-01-11;2008-09-24;SV
93;Большакова;Юлия;Владиленовна;1933-05-02;1958-04-14;BF
94;Мясников;Моисей;Аверьянович;1903-03-18;;VE
95;Крылов;Викентий;Михаилович;1968-06-01;2022-07-16;EC
96;Борисова;Анжелика;Ипполитовна;1997-01-22;2008-03-02;GB
97;Копылова;Юлия;Викторовна;1921-07-09;;VC
98;Костина;Ксения;Анатолиевна;1974-12-12;;MM
99;Кулагина;Раиса;Яновна;1903-05-20;1962-01-14;KN
100;Юдин;Казимир;Евстигнеевич;1926-06-21;1989-06-24;KP
101;Буров;Елисей;Силаович;1917-07-29;1953-01-05;FI
102;Виноградова;Тамара;Сигизмундовна;1906-11-15;;IR
103;Жукова;Маргарита;Творимировна;2019-05-24;;ES
104;Ефремова;София;Лучезаровна;1920-11-29;1985-10-28;IQ
105;Ковалева;Иванна;Станимировна;1918-04-18;;CL
106;Кудрявцев;Константин;Варлаамович;1916-04-11;;HR
107;Савельева;Виктория;Пименовна;1906-02-26;;MH
108;Костин;Тарас;Богданович;1913-10-23;;MW
109;Фролова;Ираида;Евграфовна;1975-09-05;;IR
110;Суханова;Ольга;Богдановна;2006-08-31;2020-10-21;TH
111;Лаврентьев;Станислав;Ефремович;1951-09-06;1967-03-19;FI
112;Титова;Елизавета;Еремеевна;2002-08-05;;CD
113;Калашников;Арсений;Миронович;1947-03-01;2014-04-06;LT
114;Григорьев;Прокофий;Романович;1995-04-21;;SM
115;Сафонов;Степан;Ювеналиевич;1960-10-06;1972-07-08;AR
116;Лебедев;Любим;Николаевич;1928-01-15;;SR
117;Наумова;Галина;Артемиевна;1937-04-13;;ID
118;Антонова;Валерия;Венедиктовна;1932-08-03;;SK
119;Назарова;Агафья;Мироновна;1925-06-18;;NP
120;Ильина;Эмилия;Евстафиевна;1903-02-06;;AT
121;Гордеев;Леонтий;Ипатович;1988-12-25;2015-12-26;HR
122;Данилов;Лавр;Петрович;1969-09-25;2012-12-24;VU
123;Крылов;Клавдий;Олимпиевич;1990-09-08;;RS
124;Калинин;Родион;Арефиевич;1999-11-09;;SR
125;Архипов;Агафон;Януариевич;1989-10-14;;LS
126;Щербаков;Ираклий;Давыдович;1973-12-11;2019-09-12;BY
127;Щербакова;Лора;Эрастовна;1946-04-05;2020-11-18;VE
128;Лукин;Демьян;Владленович;1940-12-15;;ZW
129;Селезнев;Прокл;Янович;1934-10-08;;UY
130;Архипова;Валентина;Симоновна;1945-12-01;1957-12-12;HT
131;Шаров;Елизар;Александрович;1967-09-23;;PH
132;Гордеев;Анатолий;Карлович;1979-03-12;2013-08-01;MC
133;Давыдова;Юлия;Эрнстовна;1934-02-13;2008-07-31;GW
134;Котова;Антонина;Измаиловна;1949-05-12;;KR
135;Богданов;Евсей;Маркович;1910-07-05;1939-10-08;VA
136;Калашников;Доброслав;Родионович;1903-06-06;;AR
137;Сазонов;Василий;Лазарьович;1948-11-02;2015-03-15;MX
138;Моисеева;Клавдия;Трифоновна;1913-07-18;1942-05-11;UY
139;Молчанова;Феврония;Ладимировна;1940-02-19;2003-08-04;CY
140;Макаров;Остромир;Георгиевич;1931-08-04;;ET
141;Белов;Мартьян;Наумович;2002-09-13;2011-04-12;TL
142;Осипов;Юрий;Федотович;1931-05-29;;CF
143;Зимин;Нифонт;Флорентинович;1922-05-20;1959-11-03;MH
144;Егорова;Ирина;Евграфовна;1988-12-05;2009-11-19;GY
145;Федоров;Порфирий;Аникеевич;1929-01-07;1998-02-06;SI
146;Голубева;Жанна;Евграфовна;2002-12-15;;CG
147;Орехов;Изот;Милованович;2007-01-08;;AM
148;Беспалова;Галина;Гаврилаовна;1982-01-09;2015-05-19;SB
149;Сидорова;Лариса;Эмильовна;1992-07-31;;SL
150;Комаров;Доброслав;Любомирович;1992-11-20;;MX
151;Ильина;Марфа;Феликсовна;1948-12-29;;TV
152;Сидоров;Еремей;Никандрович;1909-08-24;1956-06-28;CY
153;Данилова;Наталья;Добромысловна;1973-03-03;;RW
154;Овчинников;Виталий;Карпович;1972-04-21;2009-01-23;VU
155;Копылова;Фёкла;Семеновна;1918-01-31;2001-01-17;NO
156;Меркушев;Егор;Анисимович;1959-11-01;;TR
157;Потапов;Ферапонт;Парфенович;2004-01-26;;IQ
158;Бобылев;Каллистрат;Аркадиевич;1933-06-30;;IT
159;Лихачева;Эмилия;Вышеславовна;1989-06-04;;PW
160;Фадеев;Автоном;Евстигнеевич;1974-12-04;;TL
161;Быкова;Агата;Анисимовна;1918-04-12;;GB
162;Мишина;Нонна;Аверкиевна;2004-07-15;;CL
163;Зиновьев;Азарий;Всеславович;2017-09-19;;CR
164;Одинцов;Евлампий;Савелиевич;1913-01-13;;AO
165;Коновалов;Никита;Проклович;1983-08-07;2015-09-28;BY
166;Рябова;Глафира;Митофановна;1949-12-06;2009-11-23;NO
167;Жуков;Андроник;Гуриевич;1906-06-07;1998-06-11;AM
168;Мухина;Ия;Агафоновна;1975-09-16;1984-11-14;FJ
169;Панфилова;Марфа;Лавровна;1957-07-27;2016-05-09;GW
170;Тимофеев;Лукьян;Захарович;1930-02-25;;CO
171;Симонов;Твердислав;Провович;2021-11-12;2023-12-16;PA
172;Сергеев;Казимир;Радованович;1952-02-24;1953-01-03;BA
173;Королева;Александра;Адамовна;1981-05-20;;LU
174;Быкова;Лидия;Борисовна;1968-03-21;;SZ
175;Никифоров;Харлампий;Лазарьович;1916-04-12;2014-01-24;AM
176;Русакова;Пелагея;Рюриковна;1965-08-24;;DZ
177;Зыков;Зиновий;Софонович;1972-08-30;;ZW
178;Суханова;Милица;Фирсовна;1936-04-28;;CL
179;Мельников;Сидор;Амосович;1990-12-05;2023-09-11;OM
180;Панфилова;Синклитикия;Евстигнеевна;1945-04-11;;CG
181;Бирюков;Ираклий;Харлампиевич;1966-06-18;2021-02-11;NL
182;Яковлева;Мария;Зосимаовна;1961-07-15;;EG
183;Максимов;Антип;Олегович;1969-06-10;;EG
184;Сысоева;София;Амвросиевна;1936-11-15;1969-11-11;MU
185;Лобанов;Агап;Аверьянович;1964-07-04;1979-01-24;MZ
186;Цветкова;Синклитикия;Радовановна;1932-08-06;;PL
187;Данилова;Оксана;Геннадиевна;1921-01-30;1986-06-15;MT
188;Самсонова;Евдокия;Всемиловна;2021-11-28;2023-04-24;GA
189;Мясникова;Глафира;Кирилловна;1999-09-04;1999-09-27;PK
190;Лаврентьева;Марфа;Феликсовна;1991-06-29;;CY
191;Воронова;Глафира;Климентовна;2021-09-19;;NO
192;Кудряшова;Олимпиада;Ивановна;1941-06-09;1946-08-02;GR
193;Сидорова;Анжелика;Панкратовна;2000-11-12;2004-09-05;MG
194;Пахомова;Нонна;Мефодиевна;1943-10-02;1968-02-22;NG
195;Горшков;Мечислав;Аркадиевич;2017-11-27;;CM
196;Пономарев;Викторин;Милиевич;1923-11-21;2010-09-20;DZ
197;Горбунов;Наум;Никонович;2013-12-02;;MH
198;Михеева;Анастасия;Кировна;1998-08-03;2017-03-11;MV
199;Потапова;Нинель;Селиверстовна;1906-12-22;2000-02-15;PW
200;Симонова;Галина;Ипполитовна;1913-01-11;;SM
201;Куликов;Куприян;Антипович;1970-03-25;;ID
202;Мамонтова;Феврония;Галактионовна;1911-03-08;1968-12-09;LI
203;Владимирова;Фаина;Сергеевна;1981-11-05;2002-07-15;BB
204;Петухова;Лидия;Григориевна;1928-10-12;1989-08-07;CL
205;Захаров;Лаврентий;Измаилович;1943-03-11;;IS
206;Гордеева;Ангелина;Ярополковна;1998-11-17;;ZA
207;Хохлова;Анна;Агафоновна;1995-09-05;;BD
208;Воробьева;Ирина;Демьяновна;2020-11-18;2022-02-02;GY
209;Медведева;Алина;Владиславовна;1914-06-22;;LB
210;Некрасова;Антонина;Иннокентиевна;1901-11-27;2012-05-01;LK
211;Орлова;Елена;Яновна;2002-09-04;;UY
212;Михайлова;Тамара;Ростиславовна;1905-02-04;1905-07-18;GT
213;Нестерова;Ангелина;Максимильяновна;2022-06-15;2022-12-07;NG
214;Воронцов;Тихон;Андронович;1967-12-29;;ZM
215;Зайцев;Аристарх;Сидорович;1921-07-25;1987-11-18;UA
216;Авдеев;Демьян;Харлампиевич;1900-10-11;;GH
217;Фадеев;Эрнест;Родионович;1911-06-27;1944-01-17;SG
218;Марков;Гремислав;Евграфович;1925-10-11;1994-04-02;NO
219;Никитин;Викторин;Панфилович;1908-08-27;;TG
220;Миронова;Дарья;Казимировна;1940-05-07;1958-01-05;CR
221;Игнатьева;Валентина;Каллистратовна;2022-11-15;2023-07-16;NI
222;Федосеев;Мирон;Пахомович;1992-06-11;1999-01-29;SD
223;Андреева;Виктория;Владиславовна;2011-12-04;2020-08-02;GQ
224;Сергеев;Бажен;Никанорович;2022-09-09;;MX
225;Гурьев;Азарий;Лукаович;1971-02-11;;MD
226;Михайлова;Кира;Лавровна;1906-12-21;;SB
227;Блинов;Валерьян;Остапович;1925-11-11;;KI
228;Федотов;Архип;Миленович;2015-12-12;2022-07-20;MM
229;Ильин;Творимир;Аникеевич;1996-07-24;2006-03-10;MC
230;Рожков;Радислав;Янович;2005-08-10;;MW
231;Мишина;Елизавета;Ювеналиевна;2003-02-07;;SG
232;Веселова;Наталья;Ипатиевна;1905-08-10;1918-02-20;ID
233;Лапина;Алина;Савелиевна;1983-02-05;;FR
234;Осипов;Любим;Феликсович;1926-10-17;;VN
235;Бобылева;Татьяна;Никодимовна;1969-05-17;1979-07-30;TG
236;Шестаков;Харлампий;Мартынович;1944-01-23;;MA
237;Антонов;Юлий;Тимофеевич;2004-08-07;;HR
238;Тарасова;Маргарита;Соломоновна;1902-08-03;;GW
239;Туров;Георгий;Иосифович;1995-01-29;;TN
240;Ильин;Адам;Андроникович;1929-08-28;;WS
241;Тарасова;Валерия;Эдуардовна;1972-08-15;;LI
242;Титов;Валерьян;Валериевич;1927-02-26;1985-03-25;TJ
243;Егоров;Терентий;Радиславович;1972-01-27;;CY
244;Гаврилова;Феврония;Осиповна;1935-11-26;;CH
245;Попов;Пантелеймон;Ульянович;1957-07-19;;CF
246;Архипова;Валентина;Алексеевна;1926-03-11;1969-09-23;TO
247;Юдина;Клавдия;Гедеоновна;1964-01-15;;SY
248;Ширяева;Валентина;Евстафиевна;1957-06-14;;ID
249;Тарасов;Савватий;Анатолиевич;1906-12-03;;DM
250;Логинов;Никифор;Станимирович;1908-12-21;;ES
251;Никитина;Марфа;Григориевна;1993-02-08;;KG
252;Захаров;Святополк;Творимирович;1956-06-22;2018-05-23;DM
253;Пономарев;Радислав;Варфоломеевич;1967-09-02;2006-02-13;NR
254;Фролов;Рубен;Аверкиевич;2008-04-22;;DK
255;Самсонов;Евсей;Артемиевич;1984-06-29;;VA
256;Николаев;Митофан;Радимович;1904-02-09;1908-05-18;BF
257;Белоусова;Акулина;Флорентиновна;1931-05-24;;ML
258;Мясников;Панкратий;Авдеевич;1926-10-20;;PH
259;Орехов;Лаврентий;Рубенович;1966-09-02;;MA
260;Шилов;Афиноген;Провович;1932-03-31;;JO
261;Архипов;Егор;Кирович;1986-10-22;2008-08-01;GT
262;Шилова;Виктория;Авдеевна;1934-01-07;;CO
263;Фадеев;Матвей;Фокаович;2012-03-26;;LK
264;Ковалева;Маргарита;Титовна;1941-03-03;1955-04-15;BH
265;Колесников;Твердислав;Вячеславович;1940-09-08;1948-10-22;GN
266;Денисова;Нинель;Иннокентиевна;1932-12-09;;LY
267;Ситников;Стоян;Пахомович;2000-06-10;;EG
268;Ершов;Парфен;Родионович;1989-12-11;;HR
269;Суворова;Александра;Клавдиевна;1935-05-26;;SR
270;Дементьева;Глафира;Аристарховна;2007-01-01;2022-09-10;VA
271;Моисеева;Нонна;Эрнстовна;1999-04-03;;ET
272;Горшков;Ефим;Ефремович;1968-02-18;;DE
273;Дмитриев;Алексей;Парфенович;2004-11-18;2012-07-14;NZ
274;Наумова;Эмилия;Лучезаровна;1982-10-31;1991-02-08;SA
275;Бирюков;Ким;Зосимаович;1990-08-03;;VA
276;Алексеев;Евлампий;Христофорович;2008-05-07;;AF
277;Романов;Рубен;Онуфриевич;1962-01-31;;ME
278;Зиновьева;Кира;Филипповна;1946-04-16;;MK
279;Кудряшова;Ольга;Власовна;1921-10-18;1945-12-06;EC
280;Яковлева;Валерия;Викентиевна;2020-02-28;2024-07-22;PA
281;Трофимова;Прасковья;Эммануиловна;1918-06-12;;AM
282;Беляев;Андрон;Арсениевич;1965-07-22;;SY
283;Зиновьева;Нонна;Тарасовна;1946-12-17;1966-09-05;TV
284;Иванова;Нинель;Ермолаевна;1932-03-13;1998-02-07;ES
285;Королева;Евфросиния;Терентиевна;1928-11-18;;ZW
286;Мухина;Юлия;Петровна;1990-12-03;;KR
287;Алексеев;Натан;Любимович;1922-01-04;;GH
288;Котов;Филимон;Фотиевич;1949-04-27;;SA
289;Беляев;Мариан;Гордеевич;1950-10-10;;KM
290;Кондратьев;Будимир;Богданович;1965-11-25;;AM
291;Лобанов;Всемил;Амосович;1962-03-08;;CZ
292;Беляева;Олимпиада;Модестовна;2021-08-08;;KP
293;Тетерина;Пелагея;Никаноровна;1927-06-17;1978-11-18;SZ
294;Зыкова;Агата;Андрониковна;2007-08-03;;FM
295;Кудрявцев;Всемил;Василиевич;1947-07-11;1971-10-05;ER
296;Муравьева;Дарья;Викентиевна;2014-03-18;;AU
297;Кулагин;Чеслав;Тарасович;1947-09-22;;CR
298;Сафонов;Харитон;Мстиславович;1972-11-06;;MC
299;Герасимов;Феоктист;Юлианович;1912-01-11;;ZA
300;Богданова;Лариса;Кировна;1923-08-22;1963-10-07;TZ
301;Калинин;Агафон;Вениаминович;1983-07-31;;KM
302;Кудрявцева;Виктория;Вышеславовна;1953-07-31;1979-09-15;VE
303;Тимофеев;Михаил;Валериевич;1909-03-16;2020-02-29;BH
304;Власова;Вероника;Лонгиновна;1914-05-03;1973-12-13;TN
305;Ефимова;Алина;Рюриковна;1996-10-26;;RO
306;Субботин;Клавдий;Филаретович;1979-01-28;1992-01-14;GR
307;Бирюкова;Евпраксия;Бориславовна;1994-04-20;;GQ
308;Суворов;Доброслав;Рюрикович;1986-05-18;;JO
309;Тимофеева;Валерия;Вышеславовна;1988-07-02;;EE
310;Евсеева;Жанна;Мечиславовна;1950-06-18;1980-10-05;LT
311;Сазонов;Серафим;Якубович;2000-02-07;;MV
312;Жданова;Ирина;Якубовна;2005-01-02;2008-12-25;GE
313;Третьяков;Митофан;Юлианович;1998-12-23;;CZ
314;Кондратьева;Майя;Мартыновна;1903-06-30;2009-10-02;SK
315;Федотов;Михаил;Матвеевич;1916-04-09;1918-01-10;DO
316;Горшков;Вячеслав;Авксентиевич;1915-03-17;;GB
317;Тарасова;Лариса;Ярополковна;1924-12-02;;CG
318;Игнатьев;Натан;Пантелеймонович;1994-11-15;;BD
319;Ильин;Емельян;Силаович;1901-09-09;1986-02-11;SZ
320;Павлова;Ирина;Антониновна;1999-11-23;;OM
321;Козлов;Руслан;Артемович;1943-09-02;;MT
322;Петухова;Вероника;Арефиевна;1956-11-30;;MK
323;Тетерина;Светлана;Куприяновна;1959-11-23;;VN
324;Мельникова;Кира;Станиславовна;1969-11-13;1993-10-14;PH
325;Колесников;Тарас;Ювеналиевич;1919-01-23;1966-05-13;RW
326;Рябова;Марина;Власовна;1918-07-30;2020-04-19;AG
327;Власов;Феоктист;Леонидович;1968-02-18;1976-04-07;AL
328;Богданов;Пантелеймон;Леонтиевич;1929-02-07;1962-03-21;CH
329;Михеев;Руслан;Доброславович;1953-05-25;1971-05-06;SO
330;Степанова;Олимпиада;Николаевна;1984-10-13;;SB
331;Горбунова;Нинель;Всеволодовна;1919-07-12;2011-03-07;YE
332;Нестерова;Октябрина;Эрнестовна;1903-02-06;2021-10-02;PS
333;Баранов;Иван;Викентиевич;1961-05-23;;PY
334;Виноградова;Евфросиния;Семеновна;2013-12-20;;BJ
335;Афанасьев;Антип;Кирович;1937-06-05;;AU
336;Игнатьева;Алина;Виталиевна;1992-08-03;2003-08-21;TH
337;Бирюкова;Марфа;Мироновна;1907-03-08;;VN
338;Исакова;Олимпиада;Амвросиевна;1972-07-29;1992-06-01;CY
339;Лазарев;Любим;Филимонович;2020-07-30;2022-02-06;SK
340;Соколова;Антонина;Мечиславовна;1965-04-30;;KM
341;Виноградов;Руслан;Сигизмундович;1988-12-02;2003-01-25;UG
342;Потапов;Юрий;Ираклиевич;1966-09-15;2021-08-15;LA
343;Мясников;Радим;Родионович;2000-10-08;;PW
344;Горшков;Кондрат;Будимирович;1983-06-12;2001-09-14;SK
345;Осипова;Зинаида;Владленовна;1984-10-05;;UA
346;Лапин;Добромысл;Германович;1963-08-16;2020-09-07;EC
347;Максимов;Лазарь;Ермилович;1906-11-19;;PA
348;Федосеев;Мариан;Радиславович;1913-11-04;;AT
349;Бирюкова;Екатерина;Радиславовна;1910-04-04;1926-03-05;LB
350;Кононов;Спиридон;Серафимович;1958-09-18;1972-10-22;CM
351;Громова;Елена;Харлампиевна;1916-06-25;;IS
352;Лапина;Таисия;Пименовна;2009-06-07;;FR
353;Зайцев;Филимон;Викентиевич;1974-09-05;;SK
354;Ермаков;Борислав;Добромыслович;2004-05-11;;LA
355;Константинова;Зоя;Федотовна;1913-02-15;1969-03-01;DM
356;Мишин;Егор;Игнатиевич;1982-04-03;;ME
357;Савельева;Вера;Сергеевна;1944-08-26;;PA
358;Александров;Агап;Акимович;1948-12-14;;LU
359;Агафонов;Леон;Титович;1958-10-30;;BJ
360;Колесникова;Агата;Андрониковна;1943-12-25;;IN
361;Кабанова;Марфа;Бориславовна;1990-02-22;2007-07-24;FM
362;Матвеев;Добромысл;Маркович;1948-04-28;;LB
363;Захаров;Тарас;Орестович;1957-05-16;;CY
364;Русаков;Панкратий;Михеевич;1993-07-13;2003-02-25;OM
365;Григорьев;Аристарх;Игнатиевич;1904-01-19;;NG
366;Ильина;София;Парфеновна;1947-07-10;;FI
367;Сазонова;Эмилия;Силаовна;1948-04-19;;KG
368;Игнатьев;Федор;Ферапонтович;1974-02-03;1982-02-01;TN
369;Блохин;Ефим;Маркович;1944-04-17;;QA
370;Петров;Леонтий;Ипатович;1972-04-03;2002-07-26;KE
371;Архипов;Эраст;Захарович;1965-05-14;;CV
372;Кузьмин;Евграф;Мокеевич;1986-11-21;2012-07-08;PH
373;Колобов;Иван;Агафонович;1931-06-27;1996-09-13;BT
374;Филатов;Прокофий;Антонинович;1971-10-19;2006-04-21;PA
375;Савельев;Агап;Стоянович;1930-03-08;2012-01-10;SC
376;Одинцов;Аполлон;Тимурович;1921-06-06;;TG
377;Гусева;Дарья;Нифонтовна;1988-01-19;2023-04-30;MA
378;Гордеев;Гостомысл;Капитонович;1948-12-30;2001-04-22;EG
379;Кошелев;Корнил;Тимурович;1936-04-10;2012-07-10;MW
380;Шестакова;Ирина;Фомаовна;1919-09-03;1961-03-01;KR
381;Ершова;Акулина;Пименовна;1915-07-10;;NR
382;Козлов;Азарий;Миленович;1939-01-19;1967-05-22;OM
383;Кулагина;Ульяна;Селиверстовна;1989-10-28;1997-04-03;EC
384;Захарова;Елизавета;Лонгиновна;1902-04-05;;EG
385;Панфилова;Лариса;Наумовна;1902-05-02;;MZ
386;Кудрявцева;Агафья;Павеловна;1969-07-25;;VU
387;Савельева;Светлана;Мироновна;1928-06-02;1983-07-22;TO
388;Орлова;Антонина;Гремиславовна;1954-05-11;;MT
389;Некрасов;Януарий;Янович;2009-05-10;2019-09-28;AL
390;Носов;Изот;Тарасович;1978-04-01;;BF
391;Аксенова;Ирина;Прокловна;1925-10-31;1988-07-04;MG
392;Потапов;Парфен;Христофорович;1977-06-17;;KE
393;Антонова;Светлана;Титовна;1958-04-04;1959-12-01;US
394;Комиссарова;Ия;Евлампиевна;1909-07-11;1983-11-09;IT
395;Кабанова;Наталья;Александровна;1943-09-06;2023-04-03;SE
396;Савин;Адриан;Клавдиевич;1956-02-10;1969-09-04;NG
397;Баранов;Фома;Данилаович;1951-11-23;2023-06-14;SO
398;Костин;Валерий;Ерофеевич;2008-12-30;;CD
399;Власова;Татьяна;Лучезаровна;1981-07-13;2015-08-05;VN
400;Сафонова;Зоя;Ярославовна;1975-06-01;;KN
401;Самсонова;Прасковья;Адриановна;2007-06-22;2015-12-12;TN
402;Орлова;Анжелика;Никаноровна;1902-06-10;1993-07-20;MA
403;Михайлова;Глафира;Мефодиевна;1951-06-07;2024-08-03;ZW
404;Волков;Гостомысл;Данилаович;1971-07-16;2012-05-18;FR
405;Зыков;Ким;Янович;1982-07-19;;VC
406;Аксенов;Кондратий;Аполлонович;1933-10-12;1953-08-18;GD
407;Панов;Арефий;Владимирович;2021-03-23;;VC
408;Морозов;Сила;Евгениевич;1963-12-06;;TR
409;Брагин;Мартьян;Порфириевич;1943-01-05;;GE
410;Попова;Наина;Творимировна;1907-12-25;1989-10-24;VA
411;Мясникова;Лариса;Анисимовна;1987-02-10;;CF
412;Гущин;Лукьян;Борисович;1912-10-09;1948-07-12;CV
413;Крюкова;Клавдия;Евлампиевна;1955-05-15;;LB
414;Баранов;Ярополк;Максимильянович;1908-09-29;1946-01-05;CY
415;Кондратьева;Ангелина;Виссарионовна;1915-05-02;;BE
416;Матвеев;Андроник;Геннадиевич;1940-02-20;;EC
417;Горбунова;Мария;Никоновна;1957-12-21;1958-08-16;CA
418;Кошелев;Данила;Романович;1904-09-14;;SD
419;Гаврилов;Самсон;Олимпиевич;1990-05-23;1990-11-30;PA
420;Бирюков;Севастьян;Онуфриевич;1918-02-06;2006-06-15;BZ
421;Кириллова;Евфросиния;Адриановна;1931-12-14;2011-07-09;VE
422;Турова;Жанна;Савваовна;1929-10-17;2006-08-18;BI
423;Медведева;Любовь;Станиславовна;1909-05-23;1943-09-19;AD
424;Ефремова;Кира;Серафимовна;1910-09-27;;NR
425;Котова;Алина;Казимировна;1969-06-11;1991-06-25;GH
426;Колобов;Любосмысл;Флорентинович;1953-10-08;1957-01-14;CO
427;Виноградов;Анатолий;Спартакович;1950-10-02;1961-12-25;GW
428;Моисеева;Анна;Ермиловна;1960-10-10;2015-06-24;CY
429;Цветков;Фирс;Феофанович;1989-04-05;1994-09-28;EG
430;Калинин;Леонтий;Остапович;1967-05-06;2018-03-12;BN
431;Белякова;Варвара;Фадеевна;1987-04-09;2001-12-13;GB
432;Самойлов;Марк;Милованович;1999-03-28;;IQ
433;Маслова;Евгения;Мирославовна;1995-09-22;2024-05-22;ZA
434;Ильин;Панкрат;Владленович;1968-01-12;;TG
435;Тетерин;Севастьян;Минаович;1903-10-14;1999-08-22;TO
436;Федотов;Андроник;Юлианович;1929-07-21;;MK
437;Трофимов;Ефрем;Ипполитович;1931-02-04;1959-05-28;CH
438;Федотов;Дмитрий;Дорофеевич;1937-11-09;;MG
439;Жукова;Анна;Игорьовна;1924-04-22;;UY
440;Ермакова;Нинель;Ярославовна;1994-12-06;2011-07-07;KZ
441;Гаврилов;Леонид;Филаретович;1930-08-25;1979-04-10;GA
442;Зиновьева;Фаина;Игорьовна;1997-03-12;;TG
443;Бобров;Давыд;Ульянович;1907-12-16;1910-07-19;IN
444;Кузьмина;Алла;Ратиборовна;1996-03-17;2017-04-05;AZ
445;Горбунов;Борислав;Станимирович;2014-08-21;;SZ
446;Доронина;Анжелика;Ратиборовна;1942-07-30;1970-10-25;TD
447;Беляков;Милован;Порфириевич;2003-01-01;;AZ
448;Беспалова;Фаина;Артемовна;1960-05-15;1961-06-05;TJ
449;Журавлев;Гордей;Данилаович;2015-10-17;2023-05-09;BY
450;Жданова;Анжела;Федотовна;1905-02-10;1911-08-31;KI
451;Ковалева;Дарья;Яновна;1907-07-25;;KW
452;Нестеров;Лонгин;Аполлонович;1938-08-21;;MD
453;Дьячкова;Таисия;Никоновна;1958-05-05;;PE
454;Игнатова;Нинель;Брониславовна;1973-02-05;2005-06-09;AF
455;Кудряшова;Ульяна;Валентиновна;2021-01-30;;UG
456;Богданова;Агата;Геннадиевна;1973-12-10;1995-05-17;VU
457;Ковалев;Рюрик;Моисеевич;2022-07-05;;ET
458;Потапов;Филимон;Самсонович;1904-03-24;1985-09-13;JP
459;Зыкова;Евгения;Аггеевна;1991-11-06;;TM
460;Костина;Екатерина;Ладиславовна;1924-06-10;;AE
461;Евсеев;Мина;Всеславович;2016-10-26;;KI
462;Воробьева;Ия;Владиленовна;2014-09-05;2018-12-21;BE
463;Комарова;Валентина;Фроловна;1929-06-14;1983-05-18;TL
464;Федотова;Алевтина;Георгиевна;1908-05-13;1988-10-15;FM
465;Поляков;Ферапонт;Игорьович;1942-02-06;2022-09-18;DM
466;Трофимова;Алевтина;Гостомысловна;1958-09-27;2009-01-16;CL
467;Дементьев;Терентий;Ферапонтович;2018-03-15;;TM
468;Сазонова;Лукия;Александровна;1998-03-08;2005-06-12;MU
469;Мельникова;Агафья;Добромысловна;1926-06-24;;FM
470;Кириллова;Вера;Аверьяновна;1923-08-07;;AF
471;Иванов;Милован;Симонович;1930-05-05;1934-09-02;KW
472;Зуева;Эмилия;Симоновна;1965-04-01;;HT
473;Буров;Серафим;Лукаович;1923-10-20;;NE
474;Киселева;Олимпиада;Захаровна;1958-01-17;;GE
475;Исаков;Варфоломей;Олегович;1941-02-27;;ME
476;Мельникова;Ия;Ефремовна;1927-11-20;1931-03-16;CH
477;Фомин;Касьян;Панкратович;1987-05-05;1991-08-14;NG
478;Захаров;Наркис;Варлаамович;1934-07-14;2023-10-10;BF
479;Панфилова;Марфа;Наркисовна;2009-12-01;2018-09-30;QA
480;Кошелева;Наталья;Федотовна;2014-05-31;;NI
481;Устинова;Анастасия;Никифоровна;1976-04-18;;ZA
482;Лихачева;Нинель;Изяславовна;2016-06-18;;FR
483;Киселев;Герасим;Александрович;1969-04-19;1975-01-15;RS
484;Шашкова;Дарья;Радовановна;1990-07-30;;UG
485;Некрасов;Василий;Пантелеймонович;1956-08-22;2011-08-05;TR
486;Щербаков;Авксентий;Амвросиевич;1904-09-06;;DK
487;Носова;Евгения;Левовна;1966-02-04;1972-07-24;AU
488;Лаврентьев;Герман;Аверьянович;1962-07-29;;TO
489;Суханова;Таисия;Всеволодовна;1909-01-05;1917-05-22;LB
490;Комарова;Алла;Федоровна;1991-02-25;;CI
491;Кудряшов;Кир;Юлианович;1921-11-12;1927-08-16;SA
492;Антонов;Амос;Измаилович;2010-06-25;;BT
493;Бирюкова;Ксения;Натановна;1924-02-04;;MG
494;Корнилова;Регина;Пантелеймоновна;1977-10-11;1979-02-16;AG
495;Алексеева;Вера;Борисовна;2012-01-20;2017-01-31;DZ
496;Лыткина;Агата;Станимировна;1920-10-22;;EC
497;Панфилов;Святополк;Тимофеевич;1958-11-26;;AR
498;Агафонов;Сигизмунд;Олегович;1935-11-02;;KM
499;Владимирова;Людмила;Фирсовна;1918-02-07;1969-12-18;UZ
500;Белозерова;Елена;Брониславовна;1906-01-30;1993-03-26;TV
501;Щукина;Светлана;Самуиловна;1932-08-04;2013-09-06;SV
502;Симонова;Любовь;Радиславовна;1900-11-01;;GW
503;Шубина;Людмила;Святополковна;2003-11-19;;LI
504;Нестерова;Полина;Нифонтовна;1979-06-19;1996-03-07;IQ
505;Красильникова;Вероника;Милиевна;1987-11-18;;GN
506;Уварова;Елена;Олеговна;1925-04-09;;JM
507;Горбунова;Виктория;Харлампиевна;1956-11-11;1980-02-20;BT
508;Борисова;Кира;Юлиановна;1945-03-01;1956-01-02;MR
509;Михайлова;Регина;Будимировна;1913-01-31;;MD
510;Горбачев;Орест;Ефимович;1921-08-16;1961-08-12;KI
511;Филатова;Глафира;Евдокимовна;1924-07-27;1958-04-13;KM
512;Быкова;Милица;Прокловна;1974-03-29;2018-07-15;SC
513;Терентьева;Ульяна;Филипповна;1913-12-02;1998-01-08;AF
514;Осипова;Татьяна;Эмильовна;2006-08-27;;CR
515;Шестаков;Карп;Антонинович;1922-12-23;1929-10-21;FJ
516;Федоров;Гедеон;Андреевич;1928-03-30;;CY
517;Селезнев;Евлампий;Будимирович;2007-06-13;;KR
518;Романова;Ольга;Прохоровна;2016-10-30;;ET
519;Вишняков;Ефрем;Сильвестрович;1954-07-16;;VU
520;Лихачева;Нонна;Игнатиевна;2000-02-20;2015-09-10;PY
521;Афанасьев;Федосий;Валентинович;1958-06-28;;SL
522;Хохлов;Гостомысл;Акимович;1902-11-13;2008-11-25;CN
523;Воробьев;Ладимир;Мокеевич;1969-02-25;1984-04-05;AM
524;Кузнецова;Людмила;Мстиславовна;1949-12-04;;GN
525;Никитина;Евгения;Чеславовна;1972-08-09;1988-06-01;MW
526;Комиссаров;Матвей;Ладиславович;2010-07-25;2015-07-14;VN
527;Костин;Евстафий;Виталиевич;1937-02-17;1937-07-09;KH
528;Лебедева;Ангелина;Доброславовна;2004-03-16;2009-04-20;LT
529;Крылов;Болеслав;Захарович;1948-05-18;;GM
530;Павлова;Раиса;Харитоновна;2006-07-26;2017-05-09;NP
531;Соболев;Денис;Геннадиевич;1995-06-07;;NL
532;Михайлов;Давыд;Милованович;1982-07-10;2000-09-10;MY
533;Моисеева;Марфа;Эмильовна;1995-10-10;;TH
534;Кошелева;Евпраксия;Агафоновна;1953-07-31;;SB
535;Дроздова;Варвара;Зосимаовна;1922-01-09;;DJ
536;Моисеев;Зосима;Евграфович;2004-12-22;2019-01-31;CV
537;Андреева;Эмилия;Никифоровна;1911-04-30;;TJ
538;Хохлова;Алина;Василиевна;1941-11-28;1978-03-16;AD
539;Сидоров;Варфоломей;Леонович;1912-11-14;;KP
540;Максимов;Тимур;Захарович;1999-01-17;;ET
541;Иванов;Мирон;Клавдиевич;1962-12-01;;NO
542;Киселева;Глафира;Якубовна;1928-09-19;;MU
543;Захаров;Казимир;Ерофеевич;1932-08-01;;PK
544;Пахомова;Анжелика;Агаповна;1913-10-04;1932-03-16;CL
545;Сазонова;Оксана;Левовна;2010-04-11;;PE
546;Горшков;Гедеон;Иосифович;1955-10-23;;SN
547;Попова;Зоя;Наркисовна;1985-10-14;1994-07-04;JM
548;Игнатова;Василиса;Амвросиевна;2008-02-27;2022-08-18;AM
549;Емельянов;Радован;Архипович;1952-12-18;;TH
550;Тимофеева;Ираида;Тихоновна;1939-02-24;;PW
551;Никонов;Любим;Архипович;1955-06-19;1964-02-17;LI
552;Максимов;Ростислав;Силаович;1969-02-21;1990-02-02;ZM
553;Ковалева;Синклитикия;Геннадиевна;2010-11-28;2022-10-07;JM
554;Блинова;Галина;Прокофиевна;1920-05-19;;MN
555;Фролова;Светлана;Азариевна;1904-10-26;1965-12-20;IT
556;Денисова;Феврония;Мефодиевна;1984-10-20;;VA
557;Миронов;Мина;Софронович;1919-04-08;1927-01-19;MX
558;Максимов;Мирон;Вениаминович;1999-08-14;;TG
559;Матвеева;Фёкла;Гремиславовна;1939-12-01;1968-01-01;RO
560;Пестов;Ульян;Ираклиевич;1951-09-16;1986-05-30;GN
561;Меркушева;Елизавета;Харитоновна;1939-01-18;;MZ
562;Соболева;Зинаида;Евстафиевна;1939-03-04;;SN
563;Большакова;Наина;Пименовна;2022-11-24;2024-05-22;SB
564;Денисов;Петр;Тихонович;1949-06-24;;ML
565;Меркушев;Лонгин;Алексеевич;1984-03-12;;MH
566;Соловьева;Лора;Сильвестровна;1978-09-28;2016-06-17;MN
567;Симонов;Лонгин;Иннокентиевич;1931-01-20;1978-05-10;RO
568;Колобов;Феофан;Харитонович;2001-11-14;2007-06-20;SI
569;Тетерина;Раиса;Августовна;2006-02-11;2009-08-17;IN
570;Максимов;Серафим;Арсениевич;1904-04-01;;LK
571;Ефремова;Вероника;Леоновна;2016-01-11;;QA
572;Ситникова;Майя;Назаровна;1968-07-17;1974-04-07;EC
573;Никонова;Евдокия;Эммануиловна;2002-01-25;2020-10-29;DO
574;Шилова;Клавдия;Демидовна;1952-08-09;;MN
575;Семенова;Прасковья;Никоновна;2022-12-02;2023-08-19;DJ
576;Потапова;Нина;Прововна;1942-04-12;;FI
577;Анисимов;Сигизмунд;Дмитриевич;2003-02-05;2020-05-12;SE
578;Брагин;Панкрат;Брониславович;1969-07-27;;GY
579;Жукова;Мария;Лукьяновна;1972-02-10;;BG
580;Кудрявцева;Анастасия;Никитаовна;1986-03-23;;SK
581;Федосеева;Евгения;Любомировна;2013-05-08;2014-04-14;GB
582;Михайлов;Аполлон;Корнилович;1906-02-13;;PE
583;Куликова;Маргарита;Адамовна;1973-04-28;1986-09-08;CZ
584;Гришина;Нинель;Кирилловна;1938-07-01;1972-11-25;EE
585;Фомин;Всемил;Сократович;1956-03-06;1963-08-13;SD
586;Антонов;Моисей;Иннокентиевич;1959-04-23;;IL
587;Фадеев;Бажен;Владимирович;1918-01-24;;RU
588;Иванов;Христофор;Творимирович;1908-11-13;;CA
589;Калашников;Денис;Егорович;2006-11-07;;LC
590;Симонова;Лариса;Севастьяновна;1971-01-28;;PE
591;Суворова;Екатерина;Гуриевна;2000-05-12;2021-11-12;IE
592;Кузьмина;Екатерина;Никандровна;1909-06-07;;MR
593;Медведева;Евгения;Любосмысловна;1916-07-06;;CA
594;Мясникова;Наталья;Аверкиевна;1936-10-03;;BE
595;Голубев;Александр;Ферапонтович;1918-12-20;;PE
596;Воронцова;Лариса;Аристарховна;2006-12-11;2021-08-11;NG
597;Авдеева;Валерия;Силантиевна;1999-08-09;2002-05-15;CY
598;Борисова;Лидия;Епифановна;2005-01-01;2012-02-23;IQ
599;Носова;Октябрина;Добромысловна;1960-10-16;;SR
600;Мамонтов;Святополк;Рубенович;1941-01-13;;NR
601;Яковлев;Феофан;Клавдиевич;1911-12-12;1928-04-12;LV
602;Григорьев;Творимир;Силантиевич;2018-10-24;;MX
603;Кулакова;Регина;Антониновна;1986-11-01;2000-04-25;UA
604;Тетерин;Карп;Пименович;1988-03-06;;RW
605;Пономарева;Феврония;Агаповна;1998-09-25;;BH
606;Родионов;Эраст;Любомирович;1945-07-09;1993-01-28;LV
607;Рожков;Аристарх;Порфириевич;1968-02-03;;AG
608;Меркушева;Марина;Константиновна;1942-08-06;2002-03-03;AZ
609;Сысоева;Анжела;Силаовна;1941-10-24;;EG
610;Исаева;Евфросиния;Станиславовна;1905-01-29;2022-06-07;MC
611;Лобанов;Андрон;Антонинович;1925-10-30;;NA
612;Михайлова;Елизавета;Яновна;1958-08-18;;LR
613;Константинова;Иванна;Мирославовна;1963-07-30;;FM
614;Кулагин;Твердислав;Галактионович;2021-10-08;2022-09-09;TT
615;Цветков;Афанасий;Добромыслович;2007-03-07;2013-06-20;GY
616;Виноградова;Нина;Вацлавовна;2001-04-30;2013-10-09;CY
617;Лихачев;Творимир;Германович;1937-01-22;1955-09-10;MG
618;Авдеева;Евфросиния;Феофановна;1957-11-17;;BJ
619;Лыткина;Нина;Рюриковна;1943-04-12;;NL
620;Королева;Галина;Митофановна;2022-02-05;2023-09-06;EE
621;Лазарева;Любовь;Сергеевна;2022-11-02;;FM
622;Шубин;Данила;Измаилович;1969-10-19;1978-12-20;BD
623;Большаков;Ярослав;Федотович;1983-08-21;;RS
624;Лукина;Клавдия;Андреевна;1984-01-04;;LK
625;Белов;Федор;Харитонович;1921-12-27;2019-06-11;UA
626;Панфилов;Творимир;Автономович;1976-03-17;2004-02-24;BG
627;Денисова;Агафья;Леонидовна;1981-02-16;1991-08-24;PG
628;Мишина;Фёкла;Леонидовна;1956-03-06;2001-07-15;FM
629;Силина;Наталья;Гуриевна;2013-02-09;;AM
630;Костин;Алексей;Ираклиевич;1998-06-28;;SB
631;Меркушева;Клавдия;Валерьяновна;1941-02-13;;WS
632;Николаева;Эмилия;Мариановна;1991-09-25;;VE
633;Васильев;Мирон;Мартьянович;2009-01-30;2010-01-06;ES
634;Ситникова;Вера;Петровна;1982-08-22;2017-10-10;DK
635;Меркушева;Дарья;Никоновна;1904-07-04;1956-04-22;AO
636;Дементьев;Макар;Фролович;1937-05-14;;SK
637;Богданова;Лариса;Ипатиевна;1900-11-22;1976-11-05;ST
638;Самсонов;Филипп;Фролович;1928-06-12;1968-03-09;VE
639;Ларионова;Любовь;Варфоломеевна;1912-01-05;;FM
640;Ларионов;Якуб;Тихонович;2006-11-19;2009-04-17;MT
641;Моисеева;Алла;Афанасиевна;1911-01-29;;HR
642;Агафонова;Валентина;Юлиевна;1905-12-19;1967-05-07;MT
643;Максимов;Никита;Анатолиевич;1998-02-13;;CL
644;Устинов;Геннадий;Панкратович;1957-03-25;2001-12-01;GW
645;Никифоров;Рубен;Юлианович;1964-08-18;2017-11-23;PH
646;Харитонова;Марфа;Изяславовна;1907-05-26;;NA
647;Брагина;Олимпиада;Георгиевна;2008-09-18;2021-07-20;GY
648;Шарапов;Парамон;Якубович;1922-10-11;1982-04-19;AT
649;Новикова;Анастасия;Онуфриевна;1923-09-13;1984-03-10;AU
650;Королев;Аггей;Александрович;1971-06-25;2017-07-08;HT
651;Селиверстов;Евгений;Гордеевич;1953-02-22;2021-10-09;CF
652;Красильников;Кондратий;Валерьянович;2016-01-13;;ST
653;Якушева;Милица;Агафоновна;2020-06-22;;VU
654;Королева;Светлана;Бориславовна;1946-01-16;;KE
655;Носков;Исай;Янович;2016-08-23;;MC
656;Бирюкова;Ольга;Милиевна;1962-11-18;;NO
657;Вишнякова;Ульяна;Евстафиевна;1971-07-06;1991-05-13;ST
658;Дементьева;Тамара;Сигизмундовна;1932-07-29;2019-04-27;SE
659;Иванова;Тамара;Мокеевна;2008-01-24;2021-03-23;TN
660;Васильев;Силантий;Антипович;1952-01-21;;WS
661;Гурьев;Август;Исидорович;1967-12-23;2022-02-05;CG
662;Зыкова;Синклитикия;Ермолаевна;1953-07-29;2007-06-03;GW
663;Брагина;Маргарита;Арефиевна;1935-07-12;;ML
664;Николаева;Оксана;Аверкиевна;2014-06-12;2016-11-18;MM
665;Владимиров;Юлиан;Климентович;1917-06-13;;KZ
666;Миронов;Мариан;Святославович;1914-12-28;;KM
667;Суханова;Нонна;Аскольдовна;1959-05-02;1976-01-06;UG
668;Аксенова;Юлия;Денисовна;1943-05-17;;PS
669;Лобанова;Фаина;Елисеевна;1931-05-04;2023-04-11;ZM
670;Ларионов;Ананий;Мечиславович;1924-09-02;1951-03-18;BY
671;Волкова;Наина;Прововна;1965-08-29;;VA
672;Крюков;Всеволод;Александрович;1907-10-15;;TL
673;Потапов;Мирослав;Ираклиевич;1982-12-06;2001-02-21;BJ
674;Суворова;Ольга;Касьяновна;1972-03-04;;PA
675;Комарова;Татьяна;Никоновна;1919-08-18;;CH
676;Доронина;Валерия;Фирсовна;2012-04-17;;HT
677;Галкина;Екатерина;Епифановна;2017-12-02;;VN
678;Лукина;Алевтина;Исаевна;1956-04-21;1980-07-09;CM
679;Комиссаров;Иларион;Гордеевич;1947-11-05;;AR
680;Шарапов;Владилен;Самсонович;1935-03-21;1944-11-01;DM
681;Фомина;Ольга;Гремиславовна;2015-05-17;2015-08-28;MH
682;Горшков;Никанор;Гостомыслович;1923-08-16;1976-01-26;VN
683;Харитонов;Богдан;Ермолаевич;1974-05-10;;DK
684;Сафонов;Филимон;Юриевич;2006-07-14;2023-01-31;VC
685;Котов;Арсений;Пантелеймонович;1938-03-26;1981-04-21;HT
686;Овчинников;Филипп;Кирович;1965-12-04;1977-03-08;SM
687;Кондратьева;Вероника;Адриановна;2020-06-15;;KM
688;Кошелев;Захар;Модестович;2004-03-02;2013-01-23;MV
689;Шилова;Евфросиния;Николаевна;1945-05-25;2021-12-07;ZM
690;Антонова;Антонина;Баженовна;1990-03-23;;AT
691;Горбунов;Гурий;Мартынович;1932-12-09;;PA
692;Трофимов;Самуил;Валентинович;2021-09-09;2023-02-14;PW
693;Максимов;Леон;Вацлавович;1949-10-22;;DM
694;Рябова;Эмилия;Савваовна;1916-02-14;;FJ
695;Игнатов;Радислав;Августович;1967-10-10;;NR
696;Михайлов;Вацлав;Никифорович;1901-07-25;;BD
697;Логинов;Эдуард;Ильяович;1931-02-28;1983-08-22;JP
698;Одинцов;Никанор;Михаилович;2011-05-06;;TG
699;Боброва;Людмила;Фомаовна;1925-07-16;;BD
700;Лазарева;Нонна;Остромировна;1905-03-13;2009-10-07;BB
701;Поляков;Авдей;Парамонович;1906-03-10;;CY
702;Колесников;Фотий;Сильвестрович;1924-05-25;1932-02-27;SE
703;Муравьева;Оксана;Феоктистовна;1900-07-14;2011-12-10;BG
704;Андреев;Валерьян;Минаович;1901-12-11;;MT
705;Щербаков;Денис;Устинович;1932-12-08;2002-08-17;DE
706;Зыков;Доброслав;Гремиславович;1922-09-18;1974-02-23;CD
707;Хохлов;Тит;Селиванович;1965-01-25;1988-10-18;GM
708;Борисова;Лора;Измаиловна;2010-04-27;2013-08-20;BH
709;Лобанов;Богдан;Баженович;1929-09-23;2016-11-06;TD
710;Сафонов;Карл;Доброславович;1937-03-18;;MY
711;Фадеев;Соломон;Михеевич;1981-07-01;;AM
712;Тихонова;Антонина;Пименовна;1975-10-03;;FI
713;Данилов;Митофан;Агафонович;2008-06-25;2012-03-12;UA
714;Рыбаков;Борис;Артемиевич;1913-06-17;;KP
715;Никитин;Олег;Гордеевич;1996-03-04;2010-03-09;BO
716;Никифорова;Наина;Всеславовна;2019-02-06;;TV
717;Новиков;Соломон;Кононович;1950-07-09;2001-02-06;SB
718;Сафонов;Панфил;Никитаович;1999-03-12;;MX
719;Яковлев;Изот;Симонович;2002-12-21;;WS
720;Дементьева;София;Леонтиевна;1961-06-03;;US
721;Филиппова;Евдокия;Остромировна;1909-02-22;1970-03-21;SK
722;Архипов;Лазарь;Самсонович;1942-05-01;;CI
723;Галкин;Селиверст;Агапович;1986-05-12;1995-01-18;KP
724;Михайлова;Анастасия;Эмильовна;1941-03-26;2010-08-11;GB
725;Кулагин;Мартьян;Касьянович;2007-06-04;2011-10-19;BT
726;Гуляев;Сократ;Антонинович;1994-01-25;2010-09-19;CI
727;Трофимова;Анжела;Мартьяновна;2021-09-12;2023-08-12;BF
728;Гришина;Евпраксия;Матвеевна;1973-04-01;1975-04-28;FR
729;Калинина;Любовь;Аристарховна;1944-10-24;1977-08-06;DO
730;Устинова;Прасковья;Филаретовна;1934-09-30;1999-08-30;ET
731;Михайлов;Эдуард;Вениаминович;1932-08-04;;BE
732;Ершов;Валерьян;Лаврентиевич;1973-02-14;;MK
733;Шилов;Василий;Рюрикович;1959-11-08;1966-10-21;SE
734;Туров;Евдоким;Антонинович;1927-09-29;;CD
735;Давыдов;Ярослав;Максимильянович;2002-10-14;;PW
736;Крюков;Кирилл;Ермолаевич;1910-10-20;1974-02-04;ML
737;Назарова;Мария;Аполлинариевна;2009-12-09;2016-03-31;DK
738;Силин;Творимир;Симонович;1926-02-02;;NZ
739;Сидорова;Оксана;Карловна;1939-12-15;1945-06-11;GE
740;Самойлов;Ермолай;Фролович;2022-12-01;;SA
741;Степанова;Зоя;Артемовна;1959-07-20;;DM
742;Муравьева;Феврония;Терентиевна;1920-11-02;;NL
743;Богданова;Ирина;Баженовна;1934-03-28;;AG
744;Рогова;Варвара;Елисеевна;1912-06-12;;HN
745;Колесников;Герасим;Арефиевич;1907-03-24;;LY
746;Силин;Елисей;Карлович;1973-12-20;1974-03-09;MD
747;Евдокимов;Аггей;Владиславович;2008-01-20;2010-06-02;IR
748;Маслов;Евдоким;Миронович;1962-09-09;;MK
749;Киселева;Нинель;Лонгиновна;1938-08-14;2019-11-12;TR
750;Селезнев;Петр;Терентиевич;2006-12-25;2010-03-13;AO
751;Дементьева;Раиса;Мариановна;1968-06-06;;LY
752;Воронова;Татьяна;Галактионовна;2004-04-23;;SA
753;Баранов;Климент;Евдокимович;2003-08-24;;PY
754;Тихонова;Таисия;Игорьовна;1905-07-04;;FR
755;Рожкова;Синклитикия;Никитаовна;2007-05-06;;LI
756;Кузьмина;Нина;Бориславовна;2011-11-07;;PH
757;Лихачева;Таисия;Анисимовна;2018-05-12;;MT
758;Лыткина;Зоя;Савватиевна;1947-04-01;;NA
759;Князева;Фёкла;Севастьяновна;1980-09-20;;US
760;Коновалова;Жанна;Митофановна;1970-10-20;1984-10-25;KZ
761;Голубев;Бронислав;Ладиславович;1927-06-28;2022-07-19;KP
762;Цветкова;Александра;Матвеевна;1918-04-15;2021-03-22;BE
763;Юдин;Казимир;Всеволодович;1921-11-08;;QA
764;Евдокимов;Лев;Пантелеймонович;1990-12-26;2020-08-28;AF
765;Лыткин;Андрей;Фролович;1904-11-05;;AZ
766;Самойлов;Аверкий;Яковович;2010-05-25;;UZ
767;Щербакова;Алла;Ипполитовна;1971-02-06;;AO
768;Зыкова;Евдокия;Натановна;2020-06-25;2022-12-06;HR
769;Третьяков;Аполлон;Венедиктович;2000-02-12;2012-03-02;GQ
770;Петухов;Сигизмунд;Иннокентиевич;1923-09-29;;IE
771;Киселева;Зоя;Юриевна;2014-01-15;;LA
772;Никифорова;Надежда;Романовна;2000-05-26;;NL
773;Карпов;Степан;Иосифович;1958-06-14;;FR
774;Гордеев;Григорий;Ананиевич;1962-10-02;1987-10-20;SY
775;Красильников;Ираклий;Артемович;1931-03-21;1975-02-04;KN
776;Романова;София;Мечиславовна;1935-03-03;2004-10-03;SI
777;Трофимова;Феврония;Олеговна;1901-11-22;;CM
778;Моисеева;Мария;Силантиевна;1920-11-04;;TG
779;Максимова;Екатерина;Силаовна;1978-05-19;1981-12-11;DK
780;Герасимов;Наркис;Вячеславович;2007-02-12;2013-07-16;GE
781;Исакова;Синклитикия;Кировна;1980-03-29;;TT
782;Абрамова;Глафира;Радовановна;1980-10-26;;GN
783;Федотова;Пелагея;Изяславовна;1906-01-28;2017-07-17;HR
784;Бурова;Синклитикия;Станиславовна;1960-09-29;1996-05-04;TZ
785;Лукина;Евпраксия;Исаевна;1945-06-12;;ST
786;Козлова;Наталья;Демьяновна;2020-12-30;2022-10-10;CV
787;Фролов;Савелий;Стоянович;1980-10-16;;YE
788;Петухова;София;Амосовна;1942-10-22;1973-04-08;NL
789;Зиновьев;Лучезар;Аггеевич;1982-07-27;2021-03-07;CH
790;Прохорова;Лидия;Георгиевна;1990-08-29;;CO
791;Павлова;Глафира;Азариевна;1942-03-29;;LK
792;Некрасова;Марина;Евстигнеевна;1945-08-24;1974-05-09;CZ
793;Тимофеева;Дарья;Гедеоновна;1910-10-05;;ZM
794;Мамонтов;Твердислав;Варфоломеевич;1946-07-07;;GW
795;Носова;Александра;Иосифовна;1993-10-08;2010-09-17;BO
796;Карпова;Василиса;Куприяновна;1971-08-15;;BT
797;Пахомова;Марина;Остаповна;1975-05-21;;WS
798;Исаева;Фёкла;Ипатиевна;1926-09-30;1993-05-26;MH
799;Петухов;Мартын;Харлампиевич;1975-08-04;;MH
800;Назарова;Александра;Вячеславовна;2013-04-28;2021-02-01;ID
801;Ковалев;Агафон;Натанович;1952-08-29;1995-10-02;ER
802;Копылова;Ирина;Фроловна;1942-07-29;1952-04-20;CI
803;Борисова;Феврония;Андрониковна;2000-11-20;;VU
804;Александров;Роман;Фортунатович;2012-07-24;2023-06-08;PS
805;Филиппов;Сидор;Мечиславович;1941-08-11;1964-08-28;ID
806;Уваров;Елизар;Викторинович;1931-10-22;;KR
807;Рябов;Харитон;Тимофеевич;1922-11-25;;VU
808;Кошелева;Евгения;Мстиславовна;2016-10-12;2020-09-21;KN
809;Уварова;Анжела;Спиридоновна;2011-02-22;;BD
810;Алексеева;Октябрина;Прокловна;1938-10-15;1977-11-13;EE
811;Буров;Василий;Юлиевич;2017-03-24;;EE
812;Федорова;Василиса;Харитоновна;1945-05-06;;DM
813;Миронов;Максимильян;Аникитаович;1999-10-30;;NO
814;Кошелева;Лариса;Велимировна;1925-02-14;2016-12-28;RU
815;Евдокимов;Фока;Геннадиевич;2010-11-14;2016-06-23;JM
816;Юдин;Анатолий;Твердиславович;1906-10-09;2017-06-25;CF
817;Мухин;Сократ;Арефиевич;1937-02-11;;AF
818;Дорофеева;Лукия;Каллистратовна;1944-02-21;;MA
819;Павлов;Конон;Ерофеевич;1949-06-21;;VC
820;Кулагин;Аггей;Максимильянович;2012-11-07;2023-08-21;RW
821;Беляков;Арсений;Варфоломеевич;1938-03-20;;BZ
822;Лукина;Ирина;Аггеевна;2010-11-01;2012-07-01;LR
823;Кузнецова;Елена;Эмильовна;1939-09-28;2002-04-10;TJ
824;Пахомов;Орест;Иннокентиевич;1911-02-05;;LS
825;Пономарева;Тамара;Устиновна;2020-01-02;2023-12-22;BW
826;Борисов;Харитон;Игорьович;1939-10-19;;PH
827;Григорьева;Прасковья;Олимпиевна;1977-11-11;2008-10-28;LB
828;Лыткин;Парфен;Кириллович;1980-09-29;1987-08-04;JM
829;Кондратьева;Зоя;Сергеевна;1914-08-13;;LI
830;Овчинников;Тимофей;Харитонович;2022-12-23;2023-08-08;LS
831;Афанасьев;Варфоломей;Миланович;1954-03-05;;PT
832;Щербакова;Людмила;Добромысловна;1980-03-15;1997-08-28;EE
833;Кулаков;Севастьян;Марианович;1946-06-23;1953-06-27;NG
834;Воронова;София;Ратиборовна;1967-02-19;1990-12-08;AD
835;Шестакова;Ульяна;Прохоровна;1902-11-17;;LU
836;Шаров;Илья;Измаилович;1930-06-18;2020-12-12;ZM
837;Комиссарова;Элеонора;Платоновна;2010-11-11;2014-05-08;PA
838;Беляков;Пимен;Эммануилович;2006-06-20;;DM
839;Захаров;Парфен;Панфилович;1997-08-21;2003-04-06;EC
840;Лобанова;Варвара;Всемиловна;1965-04-01;1975-02-21;ZM
841;Виноградов;Христофор;Моисеевич;1999-06-13;;NE
842;Симонова;Василиса;Ювеналиевна;1997-07-25;2017-11-29;CZ
843;Лобанов;Болеслав;Минаович;1943-04-18;1971-06-04;ES
844;Антонова;Лора;Исаевна;1954-03-20;1966-01-03;AD
845;Воробьева;Василиса;Павеловна;1967-02-27;1997-09-05;RU
846;Филатова;Зоя;Михаиловна;1943-11-07;;CO
847;Вишнякова;Василиса;Всеволодовна;1906-10-21;1984-10-06;PG
848;Капустин;Степан;Мокеевич;1927-07-03;1978-01-07;DZ
849;Кулакова;Антонина;Феоктистовна;1936-03-15;1985-08-20;ML
850;Юдина;Евдокия;Вышеславовна;1917-07-30;1981-07-14;AO
851;Кононова;Нинель;Афанасиевна;2022-09-07;2023-12-04;LV
852;Виноградова;Нонна;Всемиловна;1999-05-31;;GQ
853;Калашникова;Раиса;Филаретовна;1949-01-17;;SG
854;Гордеева;Лариса;Прохоровна;1941-12-26;;LI
855;Белозеров;Остап;Авксентиевич;2019-12-19;;AT
856;Мухин;Филимон;Софонович;1999-09-01;2002-09-13;MM
857;Иванов;Никифор;Миланович;1974-08-01;1985-11-07;CZ
858;Симонова;Юлия;Терентиевна;2014-06-19;2015-10-27;DK
859;Николаева;Регина;Лучезаровна;2015-04-25;2021-05-20;IQ
860;Киселев;Демид;Исаевич;1912-03-13;;KH
861;Степанова;Алла;Ярополковна;1923-12-26;;KN
862;Аксенова;Агафья;Юлиевна;1972-08-19;;BD
863;Русакова;Иванна;Капитоновна;1922-03-06;1959-06-26;TL
864;Колесникова;Нинель;Григориевна;2010-12-01;2022-04-19;PS
865;Лукин;Руслан;Куприянович;1962-02-20;1997-06-26;CA
866;Фокин;Эдуард;Аникеевич;1996-03-26;;MY
867;Емельянова;Дарья;Потаповна;2000-12-30;;BO
868;Мельников;Эрнст;Митофанович;1961-06-16;;BA
869;Котов;Ермолай;Назарович;1903-08-12;;WS
870;Лазарев;Лонгин;Маркович;2002-04-01;2022-02-23;SZ
871;Моисеев;Венедикт;Кондратович;1960-05-31;;UY
872;Ширяев;Каллистрат;Сигизмундович;1996-01-30;;BN
873;Савина;Фаина;Лазарьовна;1932-03-22;;GW
874;Лукина;Виктория;Лучезаровна;2014-01-03;;IE
875;Ширяева;Екатерина;Андрониковна;1995-10-30;;EE
876;Новиков;Аркадий;Еремеевич;1986-03-31;;VE
877;Голубева;Валерия;Ипатовна;2007-11-05;2021-08-18;CV
878;Красильников;Дементий;Данилаович;1977-07-12;;QA
879;Евсеева;Регина;Фроловна;1910-02-21;;NP
880;Жукова;Татьяна;Августовна;1973-03-25;;TG
881;Казаков;Олимпий;Адамович;1928-06-05;2023-03-03;ES
882;Дьячков;Данила;Филимонович;2020-09-22;2022-05-05;AZ
883;Куликов;Наркис;Аверьянович;1991-05-04;;MY
884;Носов;Ладимир;Прохорович;2001-07-22;2006-12-28;CL
885;Шубина;Валерия;Любомировна;2007-05-26;;NO
886;Кудрявцева;Прасковья;Януариевна;2016-10-15;;KZ
887;Гаврилов;Севастьян;Симонович;1979-08-08;2023-05-03;DM
888;Кабанова;Ольга;Мечиславовна;1932-11-23;;GR
889;Юдина;Антонина;Николаевна;2022-11-14;;AD
890;Тарасов;Сидор;Эрнестович;1991-08-29;2009-01-02;CG
891;Исакова;Татьяна;Петровна;1979-03-11;2019-09-16;DZ
892;Кондратьева;Марина;Гостомысловна;2004-11-09;;GN
893;Кабанова;Агата;Вышеславовна;1980-11-10;;TV
894;Орехов;Лонгин;Миленович;2005-05-23;2017-08-16;QA
895;Васильев;Вацлав;Радованович;1987-05-03;;GN
896;Беляева;Милица;Зосимаовна;1905-05-26;1944-08-01;GD
897;Королев;Мирон;Сильвестрович;1960-05-09;;TD
898;Никонов;Модест;Чеславович;2011-12-14;;FR
899;Кудрявцев;Ратибор;Мстиславович;1938-11-06;;TD
900;Филиппов;Пров;Никитаович;1987-08-19;1993-03-09;CI
901;Пестов;Герман;Филаретович;1954-09-11;;LS
902;Кузнецов;Фирс;Борисович;1996-10-21;;UA
903;Яковлев;Матвей;Казимирович;1951-05-10;;SD
904;Фролова;Эмилия;Андреевна;2022-08-24;;SI
905;Карпов;Гостомысл;Леонтиевич;1979-06-03;2004-03-16;IQ
906;Козлов;Станимир;Силаович;1964-11-15;2002-10-31;AD
907;Федосеев;Федот;Клавдиевич;2004-06-19;;BA
908;Суворов;Ладимир;Фортунатович;1939-10-24;;ML
909;Юдина;Регина;Кимовна;1981-07-14;;NA
910;Авдеев;Натан;Прокофиевич;1923-12-12;1984-08-21;TN
911;Артемьева;Клавдия;Рубеновна;1994-04-15;;DJ
912;Новикова;Милица;Лаврентиевна;1920-06-16;1963-08-19;SM
913;Романов;Владилен;Трифонович;1921-05-27;1925-06-19;BH
914;Мишина;Агафья;Никандровна;1976-03-21;;MD
915;Архипова;Нина;Моисеевна;1979-06-06;2000-06-07;BD
916;Шашкова;Алла;Дементиевна;1975-07-22;2004-04-03;VC
917;Меркушева;Валерия;Владимировна;1962-04-28;2012-12-31;TD
918;Соболев;Вячеслав;Константинович;1912-11-22;;CF
919;Мишина;Евфросиния;Любосмысловна;1957-09-24;1967-11-15;PK
920;Абрамова;Вероника;Владиленовна;1968-06-14;;FI
921;Матвеев;Ладимир;Терентиевич;2018-07-20;;CO
922;Харитонов;Еремей;Егорович;1904-01-05;;GE
923;Иванов;Лучезар;Фролович;1954-04-09;1976-07-04;HN
924;Белоусов;Сильвестр;Севастьянович;1972-04-24;1993-01-30;AR
925;Крюкова;Тамара;Авксентиевна;1975-10-26;;NI
926;Шестаков;Мир;Левович;1960-08-07;;JO
927;Горбунова;Евгения;Агафоновна;1963-05-06;;SD
928;Зиновьева;Глафира;Софоновна;1935-09-02;;CZ
929;Игнатова;Виктория;Николаевна;1909-12-29;1999-08-16;BE
930;Крюков;Исидор;Ферапонтович;1919-12-10;;PT
931;Субботина;Регина;Викентиевна;1963-10-03;;DZ
932;Кондратьева;Валерия;Августовна;1948-04-23;;SV
933;Бурова;Агафья;Вадимовна;2011-03-10;2019-07-05;PS
934;Русакова;Алла;Епифановна;1933-06-23;1976-02-20;DK
935;Петров;Евдоким;Антонинович;1934-04-02;1993-12-06;AR
936;Самсонова;Анастасия;Бояновна;1945-07-18;;CH
937;Попов;Вадим;Валентинович;1950-09-11;1999-05-01;DM
938;Попов;Федор;Будимирович;1959-03-04;;PS
939;Ефимова;Лукия;Александровна;1900-01-07;;IR
940;Яковлев;Твердислав;Демидович;1949-07-31;;IE
941;Веселов;Харлампий;Захарович;1999-11-06;;IR
942;Пахомова;Варвара;Будимировна;1982-07-18;1985-04-22;ME
943;Кабанов;Панкратий;Баженович;1950-03-09;;PE
944;Архипов;Владилен;Мартынович;1973-10-22;1987-03-15;GA
945;Васильева;Синклитикия;Евграфовна;1962-04-16;;AR
946;Тимофеев;Мир;Владленович;1944-09-20;;MM
947;Поляков;Клавдий;Филаретович;1906-11-24;;SV
948;Владимирова;Виктория;Софоновна;1930-02-21;2012-08-29;AM
949;Денисов;Карл;Севастьянович;1968-03-15;;TL
950;Молчанов;Карп;Ульянович;2005-10-28;;BJ
951;Игнатьев;Дементий;Аполлонович;1976-10-20;;LC
952;Ильина;Юлия;Серафимовна;1947-02-04;2006-03-02;AR
953;Крылова;Полина;Аггеевна;1921-09-29;;BT
954;Бобылев;Терентий;Феликсович;1989-02-07;;BI
955;Андреев;Самсон;Лучезарович;1980-09-27;;GR
956;Большакова;Анжелика;Тарасовна;1912-09-18;;AM
957;Григорьев;Клавдий;Галактионович;1907-06-20;1932-06-24;DE
958;Савельев;Григорий;Анисимович;1952-11-06;;JP
959;Кондратьева;Евфросиния;Адамовна;1906-02-17;1914-08-27;MV
960;Максимова;Нонна;Симоновна;1968-05-11;1987-11-24;UA
961;Морозов;Азарий;Данилаович;1929-10-01;;ZA
962;Петрова;Оксана;Олимпиевна;2003-01-13;;IS
963;Меркушев;Федосий;Евграфович;1923-09-14;;LB
964;Бирюков;Мартын;Анатолиевич;1965-01-12;;LB
965;Иванова;Людмила;Ивановна;1978-11-30;;KH
966;Большаков;Фотий;Лукьянович;1926-03-28;;ML
967;Громов;Самсон;Добромыслович;1942-03-05;1969-07-22;ME
968;Ильина;Светлана;Митофановна;2008-02-22;2023-07-27;DJ
969;Сергеева;София;Петровна;1930-02-20;2009-09-08;CR
970;Горбунова;Дарья;Геннадиевна;2022-08-07;;QA
971;Исаева;Марина;Мировна;1995-01-31;2018-05-22;CD
972;Блохин;Тихон;Павелович;1968-01-28;;MZ
973;Пономарев;Игнатий;Амвросиевич;1997-05-07;;HT
974;Емельянов;Эрнст;Сергеевич;1949-02-05;1979-07-22;SN
975;Кудряшова;Олимпиада;Ладимировна;2016-03-22;2018-12-01;BI
976;Сысоева;Лора;Филаретовна;1963-08-07;;RO
977;Устинов;Агап;Устинович;1920-08-05;2005-02-21;BS
978;Панова;Вероника;Ипатиевна;1983-03-29;;UZ
979;Носков;Илья;Аполлонович;2019-09-29;;NO
980;Дмитриев;Сократ;Ефремович;1918-11-29;1949-04-23;BH
981;Блохина;Виктория;Гремиславовна;1957-10-07;;UG
982;Гордеева;Эмилия;Архиповна;1904-10-18;;LB
983;Игнатьев;Вячеслав;Гремиславович;1971-03-22;1974-12-08;CH
984;Комиссарова;Маргарита;Милановна;1958-07-07;;ME
985;Горшков;Моисей;Кириллович;1963-04-27;1980-02-06;KP
986;Сергеев;Евгений;Ростиславович;2003-07-08;;BG
987;Щербаков;Светозар;Виталиевич;1927-05-24;2011-08-01;ID
988;Абрамова;София;Савелиевна;2015-09-18;2023-10-23;WS
989;Громов;Лаврентий;Радованович;1914-03-27;1926-03-25;MH
990;Воронцова;Элеонора;Спартаковна;2007-11-14;;FM
991;Ефремова;Зинаида;Клавдиевна;1996-06-11;2019-11-17;ZA
992;Панфилова;Ульяна;Антиповна;1913-02-23;1926-03-22;BI
993;Елисеева;Агафья;Семеновна;1928-02-10;;BD
994;Осипова;Елизавета;Нифонтовна;2019-05-26;;LT
995;Александрова;Милица;Германовна;1901-03-13;;KP
996;Сорокин;Виссарион;Еремеевич;2006-08-26;2008-10-18;FR
997;Романов;Софон;Потапович;1951-04-18;;ER
998;Шарапова;Вера;Самуиловна;2014-05-23;;VE
999;Кузнецов;Гаврила;Михаилович;2016-04-22;2017-10-02;AE
1000;Архипов;Вениамин;Яковович;1971-10-08;2007-06-22;RO
